id,section,objective,type,labels,file,alt
C01,01  L’ère de l’IA et du créateur solo,Humain → préparation IA → validation humaine,table Word native,Question réelle → Proposition IA → Vérification → Publication choisie,internal DOCX,"Humain → préparation IA → validation humaine: Question réelle, Proposition IA, Vérification, Publication choisie"
C02,"02  Compte TikTok, audience et véritable actif numérique",Compte et audience ne sont pas propriété commerciale,table Word native,Compte tiers → Public touché → Relation consentie → Offre livrable,internal DOCX,"Compte et audience ne sont pas propriété commerciale: Compte tiers, Public touché, Relation consentie, Offre livrable"
C03,03  Ce que l’IA peut déléguer et ce qui doit rester humain,"Trois niveaux de risque, pas une décision automatique",table Word native,Assister : idées → Vérifier : faits → Valider : promesse → Autoriser : action,internal DOCX,"Trois niveaux de risque, pas une décision automatique: Assister : idées, Vérifier : faits, Valider : promesse, Autoriser : action"
C04,04  Faire l’inventaire de ses compétences et ressources,Les ressources limitent le projet réaliste,table Word native,Savoir-faire → Preuve disponible → Temps et moyens → Sujet testable,internal DOCX,"Les ressources limitent le projet réaliste: Savoir-faire, Preuve disponible, Temps et moyens, Sujet testable"
C05,05  Choisir une niche et une promesse,De la compétence à la promesse prudente,table Word native,Compétence → Problème réel → Public précis → Niche provisoire,internal DOCX,"De la compétence à la promesse prudente: Compétence, Problème réel, Public précis, Niche provisoire"
C06,06  Analyser un marché et une audience,Une observation n’est pas une preuve de marché général,table Word native,Parole recueillie → Source et date → Interprétation → Hypothèse à tester,internal DOCX,"Une observation n’est pas une preuve de marché général: Parole recueillie, Source et date, Interprétation, Hypothèse à tester"
C07,07  Étudier les concurrents sans copier,Observer une question sans copier la réponse,table Word native,Compte public → Question abordée → Limite constatée → Angle original,internal DOCX,"Observer une question sans copier la réponse: Compte public, Question abordée, Limite constatée, Angle original"
C08,"08  Choisir TikTok, YouTube, Instagram ou Facebook",Comparer l’adéquation sans présumer la disponibilité,table Word native,Public visé → Format tenable → Canal principal → Test daté,internal DOCX,"Comparer l’adéquation sans présumer la disponibilité: Public visé, Format tenable, Canal principal, Test daté"
C09,09  Positionnement et identité,Six composantes d’une identité crédible,table Word native,Public → Problème → Approche → Preuve autorisée,internal DOCX,"Six composantes d’une identité crédible: Public, Problème, Approche, Preuve autorisée"
C10,10  Piliers éditoriaux et types de contenus TikTok,Chaque pilier répond à une fonction,table Word native,Découverte → Confiance → Communauté → Conversion,internal DOCX,"Chaque pilier répond à une fonction: Découverte, Confiance, Communauté, Conversion"
C11,11  Trouver et classer les idées,Une idée doit passer par la vérification,table Word native,Question reçue → Idée classée → Preuve requise → Brief prêt,internal DOCX,"Une idée doit passer par la vérification: Question reçue, Idée classée, Preuve requise, Brief prêt"
C12,"12  Hooks, storytelling et scripts",Un hook doit être honoré par la vidéo,table Word native,Accroche honnête → Contexte → Démonstration → Action unique,internal DOCX,"Un hook doit être honoré par la vidéo: Accroche honnête, Contexte, Démonstration, Action unique"
C13,13  Créer avec un simple téléphone,Un téléphone suffit pour un test techniquement propre,table Word native,Lumière → Stabilité → Son → Lecture test,internal DOCX,"Un téléphone suffit pour un test techniquement propre: Lumière, Stabilité, Son, Lecture test"
C14,"14  Publier, interagir et construire une communauté",Répondre nourrit les prochaines idées,table Word native,Publication → Question reçue → Réponse utile → Sujet suivant,internal DOCX,"Répondre nourrit les prochaines idées: Publication, Question reçue, Réponse utile, Sujet suivant"
C15,"15  Recherche, brief, script et prompts",Du sujet au contenu vérifié,table Word native,Question → Source → Brief → Script relu,internal DOCX,"Du sujet au contenu vérifié: Question, Source, Brief, Script relu"
C16,"16  Images, voix off, sous-titres et vidéo",Chaque couche demande ses droits propres,table Word native,Image → Voix et musique → Sous-titres → Droits contrôlés,internal DOCX,"Chaque couche demande ses droits propres: Image, Voix et musique, Sous-titres, Droits contrôlés"
C17,17  Le workflow en cinq étapes,Production par segment avec prototype,table Word native,Segment et voix → Storyboard → Son → Animation → Export testé,internal DOCX,"Production par segment avec prototype: Segment et voix, Storyboard, Son, Animation, Export testé"
C18,18  CapCut et outils complémentaires,Choisir l’outil selon l’export réel,table Word native,Tâche → Fonction vérifiée → Essai court → Fichier ouvert,internal DOCX,"Choisir l’outil selon l’export réel: Tâche, Fonction vérifiée, Essai court, Fichier ouvert"
C19,19  Organisation des fichiers et production en série,Un nom stable relie les versions,table Word native,SEGMENT_001 → audio_SEGMENT_001 → visual_SEGMENT_001 → video_SEGMENT_001,internal DOCX,"Un nom stable relie les versions: SEGMENT_001, audio_SEGMENT_001, visual_SEGMENT_001, video_SEGMENT_001"
C20,20  Comprendre les statistiques,Ne pas confondre visibilité et revenu,table Word native,Portée → Consommation → Demandes → Paiements reçus,internal DOCX,"Ne pas confondre visibilité et revenu: Portée, Consommation, Demandes, Paiements reçus"
C21,"21  Publier, mesurer, analyser, modifier",Tester une hypothèse sur des contenus comparables,table Word native,Publier → Mesurer → Interpréter → Modifier,internal DOCX,"Tester une hypothèse sur des contenus comparables: Publier, Mesurer, Interpréter, Modifier"
C22,22  Les trois niveaux d’automatisation,Le contrôle croît avec les conséquences,table Word native,Assistance → Workflow → Automatisation → Validation adaptée,internal DOCX,"Le contrôle croît avec les conséquences: Assistance, Workflow, Automatisation, Validation adaptée"
C23,"23  Agent IA, reporting et documentation",Une sortie d’agent doit être auditable,table Word native,Données autorisées → Agent et outil → Rapport sourcé → Relecture humaine,internal DOCX,"Une sortie d’agent doit être auditable: Données autorisées, Agent et outil, Rapport sourcé, Relecture humaine"
C24,24  Ce qu’il ne faut jamais automatiser sans contrôle,La validation dépend du caractère réversible,table Word native,Donnée privée → Fait sensible → Publication → Paiement,internal DOCX,"La validation dépend du caractère réversible: Donnée privée, Fait sensible, Publication, Paiement"
C25,"25  Audience, confiance, offre et vente",La vente n’est pas automatique,table Word native,Besoin → Confiance → Offre claire → Achat éventuel,internal DOCX,"La vente n’est pas automatique: Besoin, Confiance, Offre claire, Achat éventuel"
C26,26  Monétisation native des plateformes,Les programmes sont des produits distincts,table Word native,Produit exact → Pays réel → Conditions actuelles → Compte vérifié,internal DOCX,"Les programmes sont des produits distincts: Produit exact, Pays réel, Conditions actuelles, Compte vérifié"
C27,"27  Services, freelance, consulting et coaching",Les engagements doivent être bornés,table Word native,Problème → Livrable → Délai → Limites,internal DOCX,"Les engagements doivent être bornés: Problème, Livrable, Délai, Limites"
C28,"28  Produits numériques, livres, templates et formations",Tester avant de généraliser,table Word native,Tâche répétée → Prototype → Test d’usage → Livraison,internal DOCX,"Tester avant de généraliser: Tâche répétée, Prototype, Test d’usage, Livraison"
C29,"29  Affiliation, sponsoring et partenariats",Divulguer les intérêts du créateur,table Word native,Partenaire → Conditions écrites → Divulgation → Public informé,internal DOCX,"Divulguer les intérêts du créateur: Partenaire, Conditions écrites, Divulgation, Public informé"
C30,"30  Prospects, WhatsApp Business, boutique et rendez-vous",L’intérêt exige consentement et suivi,table Word native,CTA clair → Consentement → Proposition → Désinscription,internal DOCX,"L’intérêt exige consentement et suivi: CTA clair, Consentement, Proposition, Désinscription"
C31,31  Créer et sécuriser son compte,Le contrôle des accès précède la publication,table Word native,Identité réelle → Accès sécurisé → Profil exact → Sessions suivies,internal DOCX,"Le contrôle des accès précède la publication: Identité réelle, Accès sécurisé, Profil exact, Sessions suivies"
C32,32  Conditions des programmes et disponibilité par pays,Ne jamais déduire une éligibilité d’un autre pays,table Word native,Pays réel → Règles officielles → Compte admissible ? → Paiement confirmé ?,internal DOCX,"Ne jamais déduire une éligibilité d’un autre pays: Pays réel, Règles officielles, Compte admissible ?, Paiement confirmé ?"
C33,"33  Revenus, tableau de bord et retrait",Estimation ne signifie pas argent reçu,table Word native,Estimé → Validé → Payable → Encaissé,internal DOCX,"Estimation ne signifie pas argent reçu: Estimé, Validé, Payable, Encaissé"
C34,"34  Paiement, fiscalité, délais et problèmes",Vérifier séparément chaque maillon,table Word native,Programme → Prestataire → Retrait local → Fiscalité,internal DOCX,"Vérifier séparément chaque maillon: Programme, Prestataire, Retrait local, Fiscalité"
C35,35  Stratégies pour l’Afrique francophone,Un pays ne représente pas toute une région,table Word native,Pays et ville → Langue → Offre livrable → Paiement réel,internal DOCX,"Un pays ne représente pas toute une région: Pays et ville, Langue, Offre livrable, Paiement réel"
C36,36  Lancer son système en 30 jours,Construire des preuves plutôt que promettre un résultat,table Word native,Jours 1–7 → Jours 8–14 → Jours 15–21 → Jours 22–30,internal DOCX,"Construire des preuves plutôt que promettre un résultat: Jours 1–7, Jours 8–14, Jours 15–21, Jours 22–30"
C37,37  Consolider et automatiser en 60 jours,Les jours 31 à 60 suivent le premier mois,table Word native,Jours 31–45 → Offre testée → Jours 46–60 → Workflow documenté,internal DOCX,"Les jours 31 à 60 suivent le premier mois: Jours 31–45, Offre testée, Jours 46–60, Workflow documenté"
C38,38  Parcours selon son profil,Adapter les preuves au rôle réel,table Word native,Débutant → Commerçant → Formateur → Freelance,internal DOCX,"Adapter les preuves au rôle réel: Débutant, Commerçant, Formateur, Freelance"
C39,39  Construire un système reproductible,Tracer chaque boucle de création,table Word native,Recherche → Production → Publication → Mesure → Documentation,internal DOCX,"Tracer chaque boucle de création: Recherche, Production, Publication, Mesure, Documentation"
P01,Partie 1,L’humain garde le cap,original PNG without text,none,partie_01.png,"Five connected steps, part 1"
P02,Partie 2,Trouver un besoin réel,original PNG without text,none,partie_02.png,"Five connected steps, part 2"
P03,Partie 3,Éclaircir son message,original PNG without text,none,partie_03.png,"Five connected steps, part 3"
P04,Partie 4,Produire avec discernement,original PNG without text,none,partie_04.png,"Five connected steps, part 4"
P05,Partie 5,Apprendre des mesures,original PNG without text,none,partie_05.png,"Five connected steps, part 5"
P06,Partie 6,Offrir une valeur livrable,original PNG without text,none,partie_06.png,"Five connected steps, part 6"
P07,Partie 7,Vérifier le pays et les règles,original PNG without text,none,partie_07.png,"Five connected steps, part 7"
P08,Partie 8,"Construire, puis consolider",original PNG without text,none,partie_08.png,"Five connected steps, part 8"
COVER,Couverture,Personne au smartphone et système,AI generated PNG,none,couverture.png,"Main tenant un téléphone, réseau lumineux et étapes"
